{
    "total_runtime": 519.626745223999,
    "num_documents": 1,
    "input_load_time": 0,
    "workflows": {
        "create_base_text_units": {
            "overall": 0.2167356014251709,
            "0_orderby": 0.0018639564514160156,
            "1_zip": 0.0022954940795898438,
            "2_aggregate_override": 0.003712177276611328,
            "3_chunk": 0.17396903038024902,
            "4_select": 0.0029532909393310547,
            "5_unroll": 0.0037810802459716797,
            "6_rename": 0.0029115676879882812,
            "7_genid": 0.005499839782714844,
            "8_unzip": 0.0038919448852539062,
            "9_copy": 0.0033483505249023438,
            "10_filter": 0.01059103012084961
        },
        "create_base_extracted_entities": {
            "overall": 144.35096764564514,
            "0_entity_extract": 144.25958824157715,
            "1_merge_graphs": 0.08742547035217285
        },
        "create_summarized_entities": {
            "overall": 39.35460019111633,
            "0_summarize_descriptions": 39.350141763687134
        },
        "create_base_entity_graph": {
            "overall": 0.20029926300048828,
            "0_cluster_graph": 0.18979907035827637,
            "1_select": 0.005568265914916992
        },
        "create_final_entities": {
            "overall": 124.4733374118805,
            "0_unpack_graph": 0.07763171195983887,
            "1_rename": 0.006278038024902344,
            "2_select": 0.006474494934082031,
            "3_dedupe": 0.006860256195068359,
            "4_rename": 0.006581544876098633,
            "5_filter": 0.0282590389251709,
            "6_text_split": 0.013223409652709961,
            "7_drop": 0.007745981216430664,
            "8_merge": 0.11332583427429199,
            "9_text_embed": 124.16820335388184,
            "10_drop": 0.008245706558227539,
            "11_filter": 0.024707317352294922
        },
        "create_final_nodes": {
            "overall": 0.8358707427978516,
            "0_layout_graph": 0.3876686096191406,
            "1_unpack_graph": 0.21859312057495117,
            "2_unpack_graph": 0.09343743324279785,
            "3_drop": 0.009546518325805664,
            "4_filter": 0.037256479263305664,
            "5_select": 0.010173320770263672,
            "6_rename": 0.010070323944091797,
            "7_convert": 0.03271484375,
            "8_join": 0.016826868057250977,
            "9_rename": 0.011131763458251953
        },
        "create_final_communities": {
            "overall": 0.6440768241882324,
            "0_unpack_graph": 0.08379364013671875,
            "1_unpack_graph": 0.20332574844360352,
            "2_aggregate_override": 0.01305079460144043,
            "3_join": 0.019054174423217773,
            "4_join": 0.019252538681030273,
            "5_concat": 0.012377500534057617,
            "6_filter": 0.14030027389526367,
            "7_aggregate_override": 0.01971149444580078,
            "8_join": 0.01663517951965332,
            "9_filter": 0.04149627685546875,
            "10_fill": 0.012738704681396484,
            "11_merge": 0.02467203140258789,
            "12_copy": 0.013277530670166016,
            "13_select": 0.013527870178222656
        },
        "join_text_units_to_entity_ids": {
            "overall": 0.0627603530883789,
            "0_select": 0.013835668563842773,
            "1_unroll": 0.015804052352905273,
            "2_aggregate_override": 0.01978302001953125
        },
        "create_final_relationships": {
            "overall": 0.3018186092376709,
            "0_unpack_graph": 0.08940577507019043,
            "1_filter": 0.047284841537475586,
            "2_rename": 0.016040802001953125,
            "3_filter": 0.047539710998535156,
            "4_drop": 0.016189098358154297,
            "5_compute_edge_combined_degree": 0.020168542861938477,
            "6_convert": 0.03378176689147949,
            "7_convert": 0.01684713363647461
        },
        "join_text_units_to_relationship_ids": {
            "overall": 0.09131097793579102,
            "0_select": 0.016979694366455078,
            "1_unroll": 0.01865530014038086,
            "2_aggregate_override": 0.02140355110168457,
            "3_select": 0.01801323890686035
        },
        "create_final_community_reports": {
            "overall": 206.37370538711548,
            "0_prepare_community_reports_nodes": 0.0324251651763916,
            "1_prepare_community_reports_edges": 0.023195743560791016,
            "2_restore_community_hierarchy": 0.024040937423706055,
            "3_prepare_community_reports": 0.23803329467773438,
            "4_create_community_reports": 206.0195496082306,
            "5_window": 0.0192263126373291
        },
        "create_final_text_units": {
            "overall": 0.1679673194885254,
            "0_select": 0.019397497177124023,
            "1_rename": 0.019647836685180664,
            "2_join": 0.02374744415283203,
            "3_join": 0.03997087478637695,
            "4_aggregate_override": 0.026072263717651367,
            "5_select": 0.020296573638916016
        },
        "create_base_documents": {
            "overall": 0.22167015075683594,
            "0_unroll": 0.021375179290771484,
            "1_select": 0.020925521850585938,
            "2_rename": 0.020897388458251953,
            "3_join": 0.024854660034179688,
            "4_aggregate_override": 0.02239823341369629,
            "5_join": 0.025016307830810547,
            "6_rename": 0.02175450325012207,
            "7_convert": 0.04441356658935547
        },
        "create_final_documents": {
            "overall": 0.04423093795776367,
            "0_rename": 0.022210121154785156
        }
    }
}