{
    "total_runtime": 989.4796314239502,
    "num_documents": 1,
    "input_load_time": 0,
    "workflows": {
        "create_base_text_units": {
            "overall": 0.20269298553466797,
            "0_orderby": 0.0019369125366210938,
            "1_zip": 0.002268552780151367,
            "2_aggregate_override": 0.003772735595703125,
            "3_chunk": 0.16014766693115234,
            "4_select": 0.0030307769775390625,
            "5_unroll": 0.0038356781005859375,
            "6_rename": 0.0029714107513427734,
            "7_genid": 0.004593372344970703,
            "8_unzip": 0.0038688182830810547,
            "9_copy": 0.0036139488220214844,
            "10_filter": 0.010772943496704102
        },
        "create_base_extracted_entities": {
            "overall": 654.147558927536,
            "0_entity_extract": 654.0952517986298,
            "1_merge_graphs": 0.0485074520111084
        },
        "create_summarized_entities": {
            "overall": 39.294827461242676,
            "0_summarize_descriptions": 39.29047727584839
        },
        "create_base_entity_graph": {
            "overall": 0.17224860191345215,
            "0_cluster_graph": 0.16218972206115723,
            "1_select": 0.0053060054779052734
        },
        "create_final_entities": {
            "overall": 74.5375599861145,
            "0_unpack_graph": 0.0640721321105957,
            "1_rename": 0.00615239143371582,
            "2_select": 0.0062465667724609375,
            "3_dedupe": 0.006543874740600586,
            "4_rename": 0.006379842758178711,
            "5_filter": 0.018278121948242188,
            "6_text_split": 0.01031494140625,
            "7_drop": 0.007413387298583984,
            "8_merge": 0.06597900390625,
            "9_text_embed": 74.31143021583557,
            "10_drop": 0.008059501647949219,
            "11_filter": 0.021068572998046875
        },
        "create_final_nodes": {
            "overall": 0.5962707996368408,
            "0_layout_graph": 0.32506465911865234,
            "1_unpack_graph": 0.07319068908691406,
            "2_unpack_graph": 0.07408642768859863,
            "3_filter": 0.028707504272460938,
            "4_drop": 0.009783744812011719,
            "5_select": 0.009716510772705078,
            "6_rename": 0.009652376174926758,
            "7_join": 0.015213489532470703,
            "8_convert": 0.0319521427154541,
            "9_rename": 0.010557174682617188
        },
        "create_final_communities": {
            "overall": 0.4557929039001465,
            "0_unpack_graph": 0.06939339637756348,
            "1_unpack_graph": 0.06984281539916992,
            "2_aggregate_override": 0.013034343719482422,
            "3_join": 0.01789379119873047,
            "4_join": 0.01854681968688965,
            "5_concat": 0.012168645858764648,
            "6_filter": 0.12069511413574219,
            "7_aggregate_override": 0.018332719802856445,
            "8_join": 0.016663551330566406,
            "9_filter": 0.028629064559936523,
            "10_fill": 0.01274251937866211,
            "11_merge": 0.020588159561157227,
            "12_copy": 0.013036012649536133,
            "13_select": 0.013464689254760742
        },
        "join_text_units_to_entity_ids": {
            "overall": 0.05812191963195801,
            "0_select": 0.01340031623840332,
            "1_unroll": 0.014597415924072266,
            "2_aggregate_override": 0.01701974868774414
        },
        "create_final_relationships": {
            "overall": 0.281308650970459,
            "0_unpack_graph": 0.07265782356262207,
            "1_filter": 0.039647817611694336,
            "2_rename": 0.02549576759338379,
            "3_filter": 0.04771113395690918,
            "4_drop": 0.015671491622924805,
            "5_compute_edge_combined_degree": 0.01881718635559082,
            "6_convert": 0.03132510185241699,
            "7_convert": 0.015918970108032227
        },
        "join_text_units_to_relationship_ids": {
            "overall": 0.08637738227844238,
            "0_select": 0.0161135196685791,
            "1_unroll": 0.017884254455566406,
            "2_aggregate_override": 0.019751310348510742,
            "3_select": 0.016942739486694336
        },
        "create_final_community_reports": {
            "overall": 217.0222566127777,
            "0_prepare_community_reports_nodes": 0.025983333587646484,
            "1_prepare_community_reports_edges": 0.02197551727294922,
            "2_restore_community_hierarchy": 0.022411584854125977,
            "3_prepare_community_reports": 0.19873452186584473,
            "4_create_community_reports": 216.71718168258667,
            "5_window": 0.018943071365356445
        },
        "create_final_text_units": {
            "overall": 0.14101147651672363,
            "0_select": 0.0185697078704834,
            "1_rename": 0.01864767074584961,
            "2_join": 0.022488117218017578,
            "3_join": 0.02292156219482422,
            "4_aggregate_override": 0.021038293838500977,
            "5_select": 0.019360780715942383
        },
        "create_base_documents": {
            "overall": 0.21866822242736816,
            "0_unroll": 0.021409034729003906,
            "1_select": 0.02078533172607422,
            "2_rename": 0.02034139633178711,
            "3_join": 0.024152040481567383,
            "4_aggregate_override": 0.02239394187927246,
            "5_join": 0.024687528610229492,
            "6_rename": 0.021578073501586914,
            "7_convert": 0.0436704158782959
        },
        "create_final_documents": {
            "overall": 0.04349231719970703,
            "0_rename": 0.021970748901367188
        }
    }
}